[
  {
    "creadoEn": 1756076172489,
    "resumenPorRonda": [
      {
        "ronda": 0,
        "asignadoA": "wefasf",
        "intentos": 2,
        "tiempoSegundos": null
      },
      {
        "ronda": 1,
        "asignadoA": "df",
        "numeroSecreto": 98,
        "intentos": 7,
        "tiempoSegundos": null
      },
      {
        "ronda": 2,
        "asignadoA": "wefasf",
        "numeroSecreto": 23,
        "intentos": 9,
        "tiempoSegundos": null
      }
    ],
    "stats": {
      "wefasf": {
        "nombre": "wefasf",
        "totalIntentos": 11,
        "totalTiempoSegundos": 34,
        "intentosPorRonda": [
          {
            "ronda": 0,
            "intentos": 2
          },
          {
            "ronda": 1,
            "intentos": 0
          },
          {
            "ronda": 2,
            "intentos": 9
          }
        ]
      },
      "df": {
        "nombre": "df",
        "totalIntentos": 7,
        "totalTiempoSegundos": 22,
        "intentosPorRonda": [
          {
            "ronda": 0,
            "intentos": 0
          },
          {
            "ronda": 1,
            "intentos": 7
          },
          {
            "ronda": 2,
            "intentos": 0
          }
        ]
      }
    },
    "ganador": "df"
  },
  {
    "creadoEn": 1756079204935,
    "resumenPorRonda": [
      {
        "ronda": 0,
        "asignadoA": "LP",
        "intentos": 7,
        "tiempoSegundos": null
      },
      {
        "ronda": 1,
        "asignadoA": "Elder",
        "numeroSecreto": 8,
        "intentos": 7,
        "tiempoSegundos": null
      },
      {
        "ronda": 2,
        "asignadoA": "LP",
        "numeroSecreto": 59,
        "intentos": 16,
        "tiempoSegundos": null
      },
      {
        "ronda": 3,
        "asignadoA": "Elder",
        "numeroSecreto": 36,
        "intentos": 6,
        "tiempoSegundos": null
      },
      {
        "ronda": 4,
        "asignadoA": "LP",
        "numeroSecreto": 41,
        "intentos": 7,
        "tiempoSegundos": null
      },
      {
        "ronda": 5,
        "asignadoA": "Elder",
        "numeroSecreto": 68,
        "intentos": 9,
        "tiempoSegundos": null
      }
    ],
    "stats": {
      "LP": {
        "nombre": "LP",
        "totalIntentos": 30,
        "totalTiempoSegundos": 95,
        "intentosPorRonda": [
          {
            "ronda": 0,
            "intentos": 7
          },
          {
            "ronda": 1,
            "intentos": 0
          },
          {
            "ronda": 2,
            "intentos": 16
          },
          {
            "ronda": 3,
            "intentos": 0
          },
          {
            "ronda": 4,
            "intentos": 7
          },
          {
            "ronda": 5,
            "intentos": 0
          }
        ]
      },
      "Elder": {
        "nombre": "Elder",
        "totalIntentos": 22,
        "totalTiempoSegundos": 64,
        "intentosPorRonda": [
          {
            "ronda": 0,
            "intentos": 0
          },
          {
            "ronda": 1,
            "intentos": 7
          },
          {
            "ronda": 2,
            "intentos": 0
          },
          {
            "ronda": 3,
            "intentos": 6
          },
          {
            "ronda": 4,
            "intentos": 0
          },
          {
            "ronda": 5,
            "intentos": 9
          }
        ]
      }
    },
    "ganador": "Elder"
  },
  {
    "creadoEn": 1756083693951,
    "resumenPorRonda": [
      {
        "ronda": 0,
        "asignadoA": "hhh",
        "intentos": 4,
        "tiempoSegundos": null
      },
      {
        "ronda": 1,
        "asignadoA": "h",
        "numeroSecreto": 38,
        "intentos": 8,
        "tiempoSegundos": null
      },
      {
        "ronda": 2,
        "asignadoA": "hhh",
        "numeroSecreto": 23,
        "intentos": 4,
        "tiempoSegundos": null
      },
      {
        "ronda": 3,
        "numeroSecreto": 57,
        "intentos": 0,
        "tiempoSegundos": null
      },
      {
        "ronda": 4,
        "intentos": 0,
        "tiempoSegundos": null
      },
      {
        "ronda": 5,
        "intentos": 0,
        "tiempoSegundos": null
      }
    ],
    "stats": {
      "hnh": {
        "nombre": "hnh",
        "totalIntentos": 0,
        "totalTiempoSegundos": 79,
        "intentosPorRonda": [
          {
            "ronda": 0,
            "intentos": 0
          },
          {
            "ronda": 1,
            "intentos": 0
          },
          {
            "ronda": 2,
            "intentos": 0
          },
          {
            "ronda": 3,
            "intentos": 0
          },
          {
            "ronda": 4,
            "intentos": 0
          },
          {
            "ronda": 5,
            "intentos": 0
          }
        ]
      },
      "hhh": {
        "nombre": "hhh",
        "totalIntentos": 8,
        "totalTiempoSegundos": 51,
        "intentosPorRonda": [
          {
            "ronda": 0,
            "intentos": 4
          },
          {
            "ronda": 1,
            "intentos": 0
          },
          {
            "ronda": 2,
            "intentos": 4
          },
          {
            "ronda": 3,
            "intentos": 0
          },
          {
            "ronda": 4,
            "intentos": 0
          },
          {
            "ronda": 5,
            "intentos": 0
          }
        ]
      },
      "h": {
        "nombre": "h",
        "totalIntentos": 8,
        "totalTiempoSegundos": 20,
        "intentosPorRonda": [
          {
            "ronda": 0,
            "intentos": 0
          },
          {
            "ronda": 1,
            "intentos": 8
          },
          {
            "ronda": 2,
            "intentos": 0
          },
          {
            "ronda": 3,
            "intentos": 0
          },
          {
            "ronda": 4,
            "intentos": 0
          },
          {
            "ronda": 5,
            "intentos": 0
          }
        ]
      }
    },
    "ganador": null
  },
  {
    "creadoEn": 1756084089042,
    "resumenPorRonda": [
      {
        "ronda": 0,
        "asignadoA": "hhh",
        "intentos": 10,
        "tiempoSegundos": null
      },
      {
        "ronda": 1,
        "asignadoA": "h",
        "numeroSecreto": 38,
        "intentos": 15,
        "tiempoSegundos": null
      },
      {
        "ronda": 2,
        "asignadoA": "hhh",
        "numeroSecreto": 23,
        "intentos": 14,
        "tiempoSegundos": null
      },
      {
        "ronda": 3,
        "numeroSecreto": 57,
        "intentos": 0,
        "tiempoSegundos": null
      },
      {
        "ronda": 4,
        "intentos": 0,
        "tiempoSegundos": null
      },
      {
        "ronda": 5,
        "intentos": 0,
        "tiempoSegundos": null
      }
    ],
    "stats": {
      "hnh": {
        "nombre": "hnh",
        "totalIntentos": 0,
        "totalTiempoSegundos": 471,
        "intentosPorRonda": [
          {
            "ronda": 0,
            "intentos": 0
          },
          {
            "ronda": 1,
            "intentos": 0
          },
          {
            "ronda": 2,
            "intentos": 0
          },
          {
            "ronda": 3,
            "intentos": 0
          },
          {
            "ronda": 4,
            "intentos": 0
          },
          {
            "ronda": 5,
            "intentos": 0
          }
        ]
      },
      "hhh": {
        "nombre": "hhh",
        "totalIntentos": 8,
        "totalTiempoSegundos": 51,
        "intentosPorRonda": [
          {
            "ronda": 0,
            "intentos": 4
          },
          {
            "ronda": 1,
            "intentos": 0
          },
          {
            "ronda": 2,
            "intentos": 4
          },
          {
            "ronda": 3,
            "intentos": 0
          },
          {
            "ronda": 4,
            "intentos": 0
          },
          {
            "ronda": 5,
            "intentos": 0
          }
        ]
      },
      "h": {
        "nombre": "h",
        "totalIntentos": 8,
        "totalTiempoSegundos": 20,
        "intentosPorRonda": [
          {
            "ronda": 0,
            "intentos": 0
          },
          {
            "ronda": 1,
            "intentos": 8
          },
          {
            "ronda": 2,
            "intentos": 0
          },
          {
            "ronda": 3,
            "intentos": 0
          },
          {
            "ronda": 4,
            "intentos": 0
          },
          {
            "ronda": 5,
            "intentos": 0
          }
        ]
      },
      "s": {
        "nombre": "s",
        "totalIntentos": 16,
        "totalTiempoSegundos": 98,
        "intentosPorRonda": [
          {
            "ronda": 0,
            "intentos": 6
          },
          {
            "ronda": 1,
            "intentos": 0
          },
          {
            "ronda": 2,
            "intentos": 10
          },
          {
            "ronda": 3,
            "intentos": 0
          },
          {
            "ronda": 4,
            "intentos": 0
          },
          {
            "ronda": 5,
            "intentos": 0
          }
        ]
      },
      "c": {
        "nombre": "c",
        "totalIntentos": 7,
        "totalTiempoSegundos": 31,
        "intentosPorRonda": [
          {
            "ronda": 0,
            "intentos": 0
          },
          {
            "ronda": 1,
            "intentos": 7
          },
          {
            "ronda": 2,
            "intentos": 0
          },
          {
            "ronda": 3,
            "intentos": 0
          },
          {
            "ronda": 4,
            "intentos": 0
          },
          {
            "ronda": 5,
            "intentos": 0
          }
        ]
      }
    },
    "ganador": null
  },
  {
    "creadoEn": 1756084244101,
    "resumenPorRonda": [
      {
        "ronda": 0,
        "asignadoA": "11",
        "intentos": 6,
        "tiempoSegundos": null
      },
      {
        "ronda": 1,
        "asignadoA": "22",
        "numeroSecreto": 97,
        "intentos": 9,
        "tiempoSegundos": null
      },
      {
        "ronda": 2,
        "asignadoA": "11",
        "numeroSecreto": 50,
        "intentos": 1,
        "tiempoSegundos": null
      },
      {
        "ronda": 3,
        "numeroSecreto": 79,
        "intentos": 0,
        "tiempoSegundos": null
      },
      {
        "ronda": 4,
        "intentos": 0,
        "tiempoSegundos": null
      },
      {
        "ronda": 5,
        "intentos": 0,
        "tiempoSegundos": null
      }
    ],
    "stats": {
      "11": {
        "nombre": "11",
        "totalIntentos": 7,
        "totalTiempoSegundos": 26,
        "intentosPorRonda": [
          {
            "ronda": 0,
            "intentos": 6
          },
          {
            "ronda": 1,
            "intentos": 0
          },
          {
            "ronda": 2,
            "intentos": 1
          },
          {
            "ronda": 3,
            "intentos": 0
          },
          {
            "ronda": 4,
            "intentos": 0
          },
          {
            "ronda": 5,
            "intentos": 0
          }
        ]
      },
      "22": {
        "nombre": "22",
        "totalIntentos": 9,
        "totalTiempoSegundos": 21,
        "intentosPorRonda": [
          {
            "ronda": 0,
            "intentos": 0
          },
          {
            "ronda": 1,
            "intentos": 9
          },
          {
            "ronda": 2,
            "intentos": 0
          },
          {
            "ronda": 3,
            "intentos": 0
          },
          {
            "ronda": 4,
            "intentos": 0
          },
          {
            "ronda": 5,
            "intentos": 0
          }
        ]
      }
    },
    "ganador": "11"
  },
  {
    "creadoEn": 1756089452985,
    "resumenPorRonda": [
      {
        "ronda": 0,
        "asignadoA": "cccc",
        "intentos": 6,
        "tiempoSegundos": null
      },
      {
        "ronda": 1,
        "asignadoA": "ccc",
        "numeroSecreto": 52,
        "intentos": 18,
        "tiempoSegundos": null
      },
      {
        "ronda": 2,
        "asignadoA": "cccc",
        "numeroSecreto": 31,
        "intentos": 10,
        "tiempoSegundos": null
      }
    ],
    "stats": {
      "cccc": {
        "nombre": "cccc",
        "totalIntentos": 16,
        "totalTiempoSegundos": 49,
        "intentosPorRonda": [
          {
            "ronda": 0,
            "intentos": 6
          },
          {
            "ronda": 1,
            "intentos": 0
          },
          {
            "ronda": 2,
            "intentos": 10
          }
        ]
      },
      "ccc": {
        "nombre": "ccc",
        "totalIntentos": 18,
        "totalTiempoSegundos": 50,
        "intentosPorRonda": [
          {
            "ronda": 0,
            "intentos": 0
          },
          {
            "ronda": 1,
            "intentos": 18
          },
          {
            "ronda": 2,
            "intentos": 0
          }
        ]
      }
    },
    "ganador": "cccc"
  },
  {
    "creadoEn": 1756093673107,
    "resumenPorRonda": [
      {
        "ronda": 0,
        "asignadoA": "Elder",
        "intentos": 9,
        "tiempoSegundos": null
      },
      {
        "ronda": 1,
        "asignadoA": "Jugador2",
        "numeroSecreto": 7,
        "intentos": 4,
        "tiempoSegundos": null
      },
      {
        "ronda": 2,
        "asignadoA": "Elder",
        "numeroSecreto": 71,
        "intentos": 17,
        "tiempoSegundos": null
      },
      {
        "ronda": 3,
        "asignadoA": "Jugador2",
        "numeroSecreto": 53,
        "intentos": 7,
        "tiempoSegundos": null
      },
      {
        "ronda": 4,
        "asignadoA": "Elder",
        "numeroSecreto": 54,
        "intentos": 6,
        "tiempoSegundos": null
      },
      {
        "ronda": 5,
        "asignadoA": "Jugador2",
        "numeroSecreto": 41,
        "intentos": 6,
        "tiempoSegundos": null
      }
    ],
    "stats": {
      "Elder": {
        "nombre": "Elder",
        "totalIntentos": 32,
        "totalTiempoSegundos": 193,
        "intentosPorRonda": [
          {
            "ronda": 0,
            "intentos": 9
          },
          {
            "ronda": 1,
            "intentos": 0
          },
          {
            "ronda": 2,
            "intentos": 17
          },
          {
            "ronda": 3,
            "intentos": 0
          },
          {
            "ronda": 4,
            "intentos": 6
          },
          {
            "ronda": 5,
            "intentos": 0
          }
        ]
      },
      "Jugador2": {
        "nombre": "Jugador2",
        "totalIntentos": 17,
        "totalTiempoSegundos": 65,
        "intentosPorRonda": [
          {
            "ronda": 0,
            "intentos": 0
          },
          {
            "ronda": 1,
            "intentos": 4
          },
          {
            "ronda": 2,
            "intentos": 0
          },
          {
            "ronda": 3,
            "intentos": 7
          },
          {
            "ronda": 4,
            "intentos": 0
          },
          {
            "ronda": 5,
            "intentos": 6
          }
        ]
      }
    },
    "ganador": "Jugador2"
  }
]